<?xml version='1.0' encoding='ISO-8859-1'?><cidade><nome>Rio de Janeiro</nome><uf>RJ</uf><atualizacao>03-07-2016</atualizacao><manha><dia>03-07-2016 12h Z</dia><agitacao>Fraco</agitacao><altura>1.4</altura><direcao>E</direcao><vento>7.6</vento><vento_dir>NE</vento_dir></manha><tarde><dia>03-07-2016 18h Z</dia><agitacao>Fraco</agitacao><altura>1.4</altura><direcao>E</direcao><vento>7.9</vento><vento_dir>ENE</vento_dir></tarde><noite><dia>03-07-2016 21h Z</dia><agitacao>Fraco</agitacao><altura>1.4</altura><direcao>E</direcao><vento>8.4</vento><vento_dir>ENE</vento_dir></noite></cidade>